neighborhood,program_count,total_cime_incidents,theft_from_motor_vehicle,auto_theft,public_disorder,larceny,all_other_crimes,burglary,drug_alcohol,other_crimes_against_persons,aggravated_assault,robbery,white_collar_crime,arson,murder,avgsocioeconscore,avgAccessToCareScore,avgMobidityScore,mortalityscore,avgBuiltEnvScore,avgOverallEquityScore,Total Population All,crime_per1000,theft_mv_per1000,auto_theft_per1000,disorder_per1000,larceny_per1000,other_per1000,burglary_per1000,drug_alcohol_per1000,crime_against_persons_per1000,assult_per1000,robbery_per1000,white_collar_per1000,arson_per1000,murder_per1000
Athmar Park,500.0,3429,527,540,511,343,529,294,231,140,182,61,52,11,8,1.0,2.0,3.0,3,2.5,2.29999995,8852,387.37008585630366,59.53456845910529,61.00316312697696,57.72706732941708,38.74830546769092,59.76050610031631,33.21283325802079,26.095797559873475,15.815634884771804,20.560325350203343,6.891098056936285,5.87437867148667,1.2426570266606416,0.9037505648441031
Auraria,13.0,2815,249,159,387,379,1173,69,140,154,60,17,21,6,1,5.0,3.5,3.0,5,4.5,4.19999981,717,3926.0808926080895,347.2803347280335,221.7573221757322,539.7489539748955,528.5913528591353,1635.9832635983264,96.23430962343096,195.25801952580196,214.78382147838215,83.68200836820083,23.709902370990235,29.288702928870293,8.368200836820083,1.3947001394700138
Baker,341.0,6489,1087,875,1058,1289,480,565,465,222,209,125,87,25,2,3.0,4.0,2.5,2,4.0,3.0999999,6438,1007.9217148182667,168.8412550481516,135.91177384280834,164.3367505436471,200.21745883814847,74.55731593662628,87.76017396707051,72.22739981360671,34.48275862068965,32.46349798073936,19.41596769182976,13.513513513513514,3.883193538365952,0.31065548306927615
Barnum,437.0,2712,280,338,382,198,732,182,222,88,176,44,40,26,4,1.0,2.0,3.0,2,2.0,2.0,5906,459.19403995936335,47.409414155096506,57.22993565865222,64.6799864544531,33.52522858110396,123.94175414832374,30.816119200812732,37.5888926515408,14.90010159160176,29.80020318320352,7.45005079580088,6.7727734507280735,4.402302742973247,0.6772773450728073
Barnum West,233.0,1609,228,265,208,106,418,100,98,40,92,16,31,4,3,1.5,1.5,2.5,3,1.0,1.89999998,5282,304.61946232487696,43.16546762589928,50.170390003786444,39.379023097311624,20.068156001514577,79.13669064748201,18.93222264293828,18.553578190079516,7.5728890571753125,17.41764483150322,3.0291556228701246,5.868989019310867,0.7572889057175312,0.5679666792881485
Bear Valley,236.0,2394,445,526,461,235,181,212,42,107,88,33,58,5,1,3.5,3.0,2.5,5,2.5,3.29999995,8176,292.8082191780822,54.42759295499022,64.33463796477496,56.38454011741683,28.742661448140897,22.137964774951076,25.92954990215264,5.136986301369863,13.087084148727984,10.76320939334638,4.036203522504892,7.0939334637964775,0.611545988258317,0.1223091976516634
Belcaro,234.0,1461,373,222,198,262,68,183,17,27,24,24,57,6,0,5.0,4.5,4.5,5,3.5,4.5,4869,300.06161429451635,76.60710618196755,45.59457794208256,40.66543438077634,53.80981721092626,13.965906757034299,37.58471965495995,3.4914766892585747,5.545286506469501,4.9291435613062236,4.9291435613062236,11.70671595810228,1.2322858903265559,0.0
Berkeley,624.0,2989,777,443,397,572,158,365,54,65,60,45,49,2,2,3.5,4.0,3.0,3,4.0,3.5,9130,327.38225629791896,85.1040525739321,48.521358159912374,43.48302300109529,62.65060240963856,17.305585980284775,39.97809419496166,5.914567360350493,7.119386637458927,6.571741511500547,4.928806133625411,5.3669222343921135,0.2190580503833516,0.2190580503833516
CBD,26.0,12179,1307,922,2010,2326,2369,379,1262,670,515,255,140,20,4,2.5,2.0,4.0,5,5.0,3.70000005,4631,2629.8855538760527,282.2284603757288,199.0930684517383,434.0315266681062,502.2673288706543,511.5525804361909,81.83977542647376,272.51133664435326,144.6771755560354,111.20708270351976,55.06370114446124,30.231051608723817,4.318721658389117,0.8637443316778234
Capitol Hill,281.0,13475,2063,1513,2399,1826,1550,816,1668,645,535,282,135,34,9,4.0,2.5,4.0,1,4.0,3.0999999,16120,835.9181141439205,127.97766749379652,93.85856079404468,148.82133995037222,113.27543424317618,96.15384615384616,50.62034739454094,103.47394540942928,40.012406947890824,33.188585607940446,17.49379652605459,8.37468982630273,2.109181141439206,0.5583126550868487
Central Park,1636.0,18139,2795,3250,2268,5320,1176,1289,465,509,458,344,230,23,12,4.5,4.5,4.0,5,2.5,4.0999999,29939,605.8652593607002,93.35649153278334,108.55405992184107,75.75403320084172,177.69464577975216,39.27986906710311,43.05421022746251,15.531580881124954,17.00123584622065,15.297772136677912,11.490029727111793,7.682287317545676,0.7682287317545676,0.400814990480644
Chaffee Park,262.0,1573,292,305,203,172,128,157,112,45,63,54,36,5,1,3.0,3.0,2.5,3,4.0,3.0999999,3504,448.9155251141553,83.33333333333333,87.0433789954338,57.9337899543379,49.086757990867575,36.5296803652968,44.805936073059364,31.963470319634702,12.842465753424657,17.97945205479452,15.410958904109588,10.273972602739725,1.4269406392694064,0.28538812785388123
Cheesman Park,31.0,4334,820,590,740,679,336,362,351,192,122,79,52,8,3,4.0,3.5,3.0,2,4.5,3.4000001,8948,484.3540455967814,91.64059007599464,65.9365221278498,82.70004470272686,75.8828788556102,37.55029056772463,40.455967814036654,39.22664282521234,21.457308895842647,13.634331694233348,8.828788556101921,5.811354492624051,0.894054537326777,0.33527045149754137
Cherry Creek,273.0,4075,819,461,502,1445,121,384,20,74,36,97,110,6,0,4.5,4.0,3.0,5,3.5,4.0,6428,633.9452395768512,127.41132545115121,71.71748599875545,78.09583074051027,224.79775980087118,18.82389545737399,59.738643434972,3.1113876789047916,11.512134411947727,5.6004978220286254,15.09023024268824,17.112632233976356,0.9334163036714375,0.0
City Park,172.0,1970,412,268,405,406,109,156,42,68,52,24,21,5,2,3.5,4.0,3.0,5,4.0,3.9000001,3591,548.5937064884433,114.73127262600946,74.63102199944305,112.78195488721803,113.06042884990252,30.3536619326093,43.44193817878028,11.695906432748536,18.93622946254525,14.480646059593427,6.683375104427736,5.847953216374268,1.392369813422445,0.556947925368978
City Park West,31.0,4635,618,549,842,686,577,401,265,277,256,92,54,10,8,2.5,3.0,2.0,1,4.0,2.5,5426,854.2204201990417,113.89605602653889,101.17950608182824,155.1787688905271,126.42830814596387,106.33984518982675,73.90342793955033,48.83892370070033,51.05049760412827,47.18024327312938,16.955399926280872,9.952082565425728,1.8429782528566163,1.474382602285293
Civic Center,44.0,8223,516,308,951,541,2622,284,1474,907,428,98,75,15,4,4.0,2.5,3.5,5,5.0,4.0,2812,2924.25320056899,183.49928876244664,109.53058321479374,338.1934566145092,192.38975817923188,932.4324324324325,100.99573257467995,524.1820768136558,322.5462304409673,152.20483641536273,34.85064011379801,26.67140825035562,5.334281650071123,1.4224751066856332
Clayton,357.0,2422,259,292,345,356,556,171,122,89,130,63,30,4,5,1.0,3.0,3.5,1,3.0,2.29999995,4439,545.6183825185853,58.346474431178194,65.78058121198468,77.720207253886,80.19824284748817,125.25343545843658,38.522189682360896,27.48366749267853,20.049560711872044,29.285875197116468,14.192385672448749,6.758278891642262,0.9011038522189683,1.1263798152737103
Cole,267.0,2260,310,372,361,313,323,215,34,103,131,53,32,9,4,1.5,2.5,3.5,1,4.0,2.5,4498,502.44553134726544,68.91951978657181,82.70342374388618,80.25789239662072,69.58648288128057,71.80969319697643,47.79902178746109,7.558915073365941,22.89906625166741,29.12405513561583,11.783014673188083,7.114273010226768,2.0008892841262784,0.889284126278346
College View - South Platte,203.0,3797,418,543,539,575,549,370,216,169,221,96,77,16,8,1.0,1.0,2.5,1,3.5,1.79999995,8225,461.6413373860183,50.820668693009125,66.01823708206688,65.53191489361703,69.90881458966565,66.74772036474164,44.984802431610944,26.26139817629179,20.54711246200608,26.869300911854104,11.671732522796352,9.361702127659575,1.9452887537993921,0.9726443768996961
Congress Park,393.0,3709,903,646,590,561,181,408,95,115,101,53,36,16,4,4.5,4.5,3.0,3,2.5,3.5,11445,324.0716470074268,78.89908256880734,56.443861948449104,51.550895587592834,49.0170380078637,15.81476627348187,35.64875491480996,8.300567933595456,10.048055919615551,8.824814329401486,4.630843162953255,3.145478374836173,1.397990388816077,0.34949759720401924
Cory - Merrill,503.0,2287,391,221,231,913,89,230,58,47,16,46,45,0,0,5.0,5.0,3.0,4,2.5,3.9000001,4215,542.5860023724792,92.76393831553973,52.43179122182681,54.804270462633454,216.60735468564653,21.11506524317912,54.567022538552784,13.76037959667853,11.15065243179122,3.7959667852906285,10.913404507710558,10.676156583629894,0.0,0.0
Country Club,0.0,827,242,130,126,119,27,148,6,7,8,4,10,0,0,5.0,5.0,5.0,4,4.5,4.69999981,3242,255.0894509561999,74.64528069093153,40.098704503392966,38.864898210980876,36.705737199259715,8.328192473781616,45.650832819247384,1.8507094386181369,2.1591610117211597,2.4676125848241828,1.2338062924120914,3.0845157310302285,0.0,0.0
DIA,192.0,16823,4033,4695,2015,3181,1459,212,191,310,162,79,472,8,6,3.5,3.0,3.0,5,1.0,3.0999999,2314,7270.09507346586,1742.8694900605012,2028.9541918755401,870.7865168539327,1374.6758859118409,630.5099394987036,91.61624891961971,82.54105445116681,133.96715643906657,70.00864304235091,34.1400172860847,203.97579948141745,3.4572169403630078,2.592912705272256
East Colfax,53.0,8521,813,1230,1340,602,2021,589,706,319,490,251,122,13,25,1.5,1.5,3.5,1,2.0,1.89999998,10645,800.4697040864256,76.37388445279474,115.54720526068577,125.88069516204791,56.55237200563645,189.85439173320808,55.33114138093002,66.32221700328793,29.967120713950212,46.03100046970408,23.579145138562705,11.460779708783466,1.221230624706435,2.3485204321277595
Elyria Swansea,336.0,4741,698,1010,722,484,521,471,181,200,275,77,72,20,10,1.0,1.0,3.0,3,3.0,2.20000005,6712,706.3468414779499,103.99284862932062,150.476758045292,107.56853396901073,72.10965435041716,77.62216924910608,70.17282479141835,26.96662693682956,29.797377830750897,40.971394517282484,11.471990464839093,10.727056019070321,2.9797377830750893,1.4898688915375446
Five Points,592.0,22191,3892,2488,3794,2914,3128,1455,1524,1212,1178,354,173,60,19,2.5,1.5,3.5,1,3.5,2.4000001,20221,1097.4234706493248,192.47317145541766,123.04040354087336,187.62672469215173,144.10761089955986,154.69066811730377,71.95489837297858,75.367192522625,59.93768854161515,58.25626823599229,17.506552593838087,8.555462143316355,2.967212304040354,0.9396172296127788
Fort Logan,218.0,1652,402,303,279,140,155,120,19,98,84,8,44,0,0,3.0,3.0,2.0,4,1.5,2.70000005,8907,185.4721005950376,45.133041428090266,34.01818794206803,31.323678006062643,15.717974626698103,17.40204333670147,13.472549680026944,2.1331536993375995,11.002582238688671,9.43078477601886,0.8981699786684629,4.939934882676546,0.0,0.0
Gateway - Green Valley Ranch,1656.0,9783,1676,2769,1665,907,721,554,87,373,587,201,214,14,15,3.0,1.5,4.0,3,2.0,2.70000005,43809,223.31027870985415,38.25697915953343,63.206190508799565,38.00588920084915,20.703508411513617,16.4578054737611,12.64580337373599,1.9858933095939189,8.514232235385423,13.399073249788856,4.588098335958365,4.884841014403433,0.31956903832545824,0.34239539820584813
Globeville,169.0,3979,619,797,593,419,508,297,209,146,224,76,56,21,14,1.0,1.5,3.0,1,1.5,1.60000002,4005,993.5081148564294,154.55680399500625,199.00124843945068,148.06491885143572,104.61922596754057,126.84144818976279,74.15730337078652,52.184769038701624,36.45443196004994,55.93008739076155,18.976279650436954,13.982521847690387,5.2434456928838955,3.495630461922597
Goldsmith,16.0,3084,625,757,456,327,198,254,78,100,144,70,68,4,3,3.0,2.5,2.5,2,3.0,2.5999999,5921,520.8579631818949,105.55649383550076,127.85002533355852,77.01401790238135,55.227157574733994,33.44029724708664,42.898159094747506,13.173450430670496,16.889039013680122,24.320216179699376,11.822327309576085,11.484546529302483,0.6755615605472048,0.5066711704104037
Hale,41.0,3332,797,588,599,492,223,315,37,75,81,47,65,10,3,3.5,4.5,2.5,3,3.5,3.4000001,8704,382.8125,91.56709558823529,67.55514705882352,68.8189338235294,56.525735294117645,25.620404411764707,36.19025735294118,4.250919117647059,8.616727941176471,9.306066176470589,5.399816176470588,7.467830882352941,1.1488970588235294,0.3446691176470588
Hampden,126.0,7638,1575,1869,1373,795,476,547,98,232,275,187,189,13,9,3.0,3.0,3.0,4,2.5,3.0999999,19510,391.49154279856486,80.72783188108662,95.79702716555613,70.37416709379805,40.7483341875961,24.39774474628396,28.036904151717067,5.023065094823168,11.891337775499744,14.095335725269093,9.584828293182984,9.687339825730396,0.6663249615581752,0.4613018964633521
Hampden South,403.0,5834,1406,1270,962,773,297,405,195,138,125,79,171,9,4,4.5,4.0,2.5,4,2.5,3.5,16718,348.9651872233521,84.10096901543247,75.96602464409618,57.54276827371695,46.237588228256975,17.765282928579975,24.22538581169996,11.66407465007776,8.254575906208878,7.476970929537026,4.7254456274674,10.228496231606652,0.5383419069266658,0.23926306974518483
Harvey Park,420.0,3207,534,505,525,355,436,227,107,155,217,67,62,14,3,2.0,2.5,2.0,3,1.5,2.20000005,12548,255.5785782594836,42.55658272234619,40.24545744341728,41.83933694612688,28.291361173095314,34.74657315906918,18.090532355753904,8.527255339496335,12.352566145999363,17.29359260439911,5.339496334077143,4.941026458399745,1.1157156518967166,0.23908192540643927
Harvey Park South,501.0,2663,402,458,398,381,305,249,92,140,126,38,63,7,4,2.0,2.0,3.5,3,1.5,2.4000001,8949,297.5751480612359,44.92122024807241,51.17890267068946,44.474242932171194,42.574589339591014,34.082020337467874,27.824337914850823,10.280478265728014,15.644206056542629,14.079785450888368,4.246284501061571,7.039892725444184,0.7822103028271316,0.44697731590121803
Highland,594.0,5854,1488,868,916,1059,333,646,73,177,139,72,68,10,5,3.5,4.0,3.0,2,3.0,3.0999999,11248,520.4480796586059,132.29018492176385,77.16927453769559,81.4366998577525,94.15007112375534,29.605263157894736,57.432432432432435,6.490042674253201,15.736130867709814,12.357752489331435,6.401137980085348,6.0455192034139404,0.8890469416785206,0.4445234708392603
Hilltop,751.0,2101,523,413,322,341,94,228,16,55,37,16,51,4,1,5.0,4.5,4.0,5,3.0,4.30000019,8886,236.43934278640558,58.85662840423138,46.477605221697054,36.236776952509565,38.3749718658564,10.578437992347514,25.65833896016205,1.8005851901868106,6.189511591267162,4.163853252307,1.8005851901868106,5.739365293720459,0.45014629754670266,0.11253657438667566
Indian Creek,21.0,691,169,157,128,88,36,47,4,12,14,5,28,1,2,4.5,3.5,3.0,5,1.5,3.5,4000,172.75,42.25,39.25,32.0,22.0,9.0,11.75,1.0,3.0,3.5,1.25,7.0,0.25,0.5
Jefferson Park,22.0,2578,592,446,379,522,175,225,42,51,80,35,23,2,6,2.0,2.0,3.0,3,5.0,3.0,3795,679.3148880105401,155.99472990777338,117.52305665349144,99.86824769433466,137.54940711462453,46.1133069828722,59.28853754940711,11.067193675889328,13.438735177865613,21.080368906455863,9.22266139657444,6.0606060606060606,0.5270092226613965,1.5810276679841897
Kennedy,13.0,2172,346,602,359,146,198,141,72,94,125,45,35,5,4,2.0,1.0,4.0,4,3.0,2.79999995,4138,524.8912518124698,83.61527307878202,145.48090865152247,86.75688738521025,35.28274528757854,47.849202513291445,34.07443209279845,17.399710004833253,22.716288061865637,30.207829869502174,10.874818753020783,8.458192363460608,1.208313194780087,0.9666505558240696
Lincoln Park,329.0,8074,1173,1170,1459,1096,1026,575,317,588,376,152,103,28,11,1.0,1.5,1.5,1,4.0,1.79999995,6566,1229.6679865976241,178.64757843435882,178.19067925677734,222.20530003045994,166.92049954310082,156.25951873286627,87.57234236978373,48.27901309777642,89.55223880597015,57.264696923545536,23.149558330795003,15.686871763630826,4.264392324093817,1.675296984465428
Lowry Field,447.0,3947,899,747,758,595,227,352,30,136,93,44,59,2,5,4.0,4.0,3.0,3,3.5,3.5,9011,438.0201975363445,99.76695150371769,82.8986793918544,84.11940961047608,66.03040727999112,25.191432693374765,39.0633669958939,3.329264232604594,15.092664521140827,10.320719121074243,4.882920874486738,6.547552990789036,0.2219509488403063,0.5548773721007657
Mar Lee,949.0,3764,537,655,620,337,640,219,165,194,229,80,70,7,11,2.0,1.5,2.5,2,3.5,2.29999995,13354,281.863112176127,40.21267036094054,49.04897409016025,46.4280365433578,25.23588437921222,47.92571514153063,16.39958064999251,12.355848434925866,14.527482402276473,17.148419949078928,5.990714392691329,5.241875093604912,0.5241875093604913,0.8237232289950577
Marston,284.0,2257,489,437,353,408,138,173,17,63,54,41,75,6,3,4.0,4.0,3.0,5,2.0,3.5999999,12116,186.28260151865302,40.35985473753714,36.068009243974906,29.135028062066688,33.67448002641136,11.389897655992076,14.278639815120501,1.4031033344338066,5.199735886431165,4.456916474083856,3.383955100693298,6.190161769560911,0.49521294156487294,0.24760647078243647
Montbello,1353.0,10076,1440,2175,1613,848,1702,569,246,328,695,239,174,30,17,1.5,1.0,3.0,3,3.0,2.29999995,35167,286.5186111979981,40.947479170813544,61.84775499758296,45.866863821196006,24.113515511701312,48.39764551994768,16.179941422356183,6.995194358347314,9.326925811129751,19.76284584980237,6.796144112378082,4.947820399806637,0.8530724827252822,0.48340774021099325
Montclair,37.0,2727,364,334,311,872,203,249,54,97,91,78,67,4,3,5.0,5.0,3.5,4,3.5,4.19999981,6307,432.37672427461547,57.71365149833518,52.95703186935152,49.31029015379737,138.25907721579196,32.186459489456155,39.479942920564454,8.561915332170603,15.37973680038053,14.428412874583795,12.367211035357538,10.62311717139686,0.6342159505311559,0.4756619628983669
North Capitol Hill,93.0,7415,1030,691,1337,1007,987,507,775,445,346,135,129,23,3,3.0,2.0,2.5,1,5.0,2.70000005,7295,1016.4496230294721,141.19259766963674,94.72241261137766,183.27621658670324,138.03975325565457,135.2981494174092,69.49965729952022,106.23714873200822,61.00068540095956,47.42974640164496,18.50582590815627,17.683344756682658,3.152844413982179,0.41124057573680606
North Park Hill,586.0,2012,412,367,298,263,224,198,29,64,77,25,48,5,2,4.0,3.5,3.5,2,2.0,3.0,11554,174.13882638047428,35.65864635624026,31.763891293058684,25.79193352951359,22.76267959148347,19.387225203392767,17.136922277998963,2.509953262939242,5.539207200969361,6.664358663666263,2.163752812878657,4.154405400727021,0.43275056257573136,0.17310022503029254
Northeast Park Hill,217.0,6954,1054,1435,1038,782,883,553,180,364,341,106,188,23,7,1.5,2.0,3.0,1,3.0,2.0999999,9009,771.8947718947718,116.994116994117,159.2851592851593,115.21811521811522,86.8020868020868,98.01309801309802,61.38306138306138,19.98001998001998,40.40404040404041,37.85103785103785,11.766011766011767,20.868020868020867,2.553002553002553,0.777000777000777
Overland,27.0,2982,626,458,432,408,205,428,154,92,94,33,35,14,3,2.0,2.0,2.0,1,1.5,1.70000005,3339,893.0817610062893,187.48128182090446,137.16681641209942,129.3800539083558,122.19227313566937,61.39562743336328,128.1820904462414,46.12159329140461,27.553159628631327,28.15214135968853,9.883198562443846,10.482180293501049,4.1928721174004195,0.8984725965858041
Platt Park,293.0,2323,659,355,321,355,91,378,29,53,27,18,31,5,1,4.5,4.5,4.5,4,3.5,4.19999981,6613,351.27778617873884,99.65220021170423,53.682141236957506,48.54075306215031,53.682141236957506,13.760774232572206,57.16013911991532,4.385301678512022,8.014516860728868,4.082867079993951,2.7219113866626343,4.687736277030092,0.7560864962951762,0.15121729925903524
Regis,24.0,1536,330,290,252,184,110,144,86,37,47,25,27,3,1,2.5,3.5,1.5,2,2.5,2.4000001,4740,324.0506329113924,69.62025316455696,61.18143459915612,53.164556962025316,38.81856540084389,23.206751054852322,30.379746835443036,18.143459915611814,7.805907172995781,9.915611814345992,5.274261603375527,5.69620253164557,0.6329113924050633,0.2109704641350211
Rosedale,104.0,916,228,186,135,99,52,105,16,51,24,9,9,2,0,4.0,4.0,3.0,4,4.5,3.9000001,2713,337.6336159233321,84.0398083302617,68.55879100626612,49.76041282712864,36.49096940656101,19.16697382970881,38.70254330998894,5.897530409141172,18.798378179137487,8.846295613711758,3.317360855141909,3.317360855141909,0.7371913011426465,0.0
Ruby Hill,593.0,3405,456,612,536,295,499,291,165,165,224,76,72,7,7,2.0,1.5,2.0,2,4.0,2.29999995,9946,342.348682887593,45.84757691534285,61.532274281118035,53.89101146189423,29.660164890408204,50.17092298411421,29.257993163080634,16.589583752262214,16.589583752262214,22.521616730343855,7.641262819223809,7.239091091896239,0.7038005228232455,0.7038005228232455
Skyland,284.0,1056,202,161,157,127,161,104,18,55,42,14,14,0,1,3.0,3.0,3.5,1,2.5,2.5999999,3421,308.6816720257235,59.04706226249635,47.062262496346094,45.893013738672906,37.12364805612394,47.062262496346094,30.40046769950307,5.261619409529378,16.07717041800643,12.277111955568547,4.092370651856182,4.092370651856182,0.0,0.29231218941829873
Sloan Lake,300.0,2724,663,443,433,412,162,342,37,52,79,50,45,5,1,2.5,4.0,2.0,3,4.0,3.0999999,8014,339.90516595957075,82.73022211130522,55.27826303968056,54.03044671824307,51.41003244322435,20.214624407287246,42.67531819316197,4.616920389318692,6.488644871474919,9.857748939356128,6.239081607187423,5.61517344646868,0.6239081607187422,0.12478163214374845
South Park Hill,311.0,2390,504,386,410,322,177,274,57,94,69,50,37,4,6,4.5,5.0,4.5,4,2.0,4.0,9321,256.4102564102564,54.07145156099131,41.41186567964811,43.98669670636198,34.54564960841112,18.989378822014803,29.39598755498337,6.115223688445446,10.084754854629333,7.402639201802382,5.3642313056539,3.969531166183886,0.429138504452312,0.643707756678468
Southmoor Park,19.0,2059,604,453,346,242,83,140,28,59,40,17,46,1,0,4.0,4.5,3.0,5,1.5,3.5999999,6050,340.3305785123967,99.83471074380165,74.87603305785125,57.1900826446281,40.0,13.719008264462811,23.140495867768593,4.62809917355372,9.75206611570248,6.6115702479338845,2.809917355371901,7.603305785123967,0.1652892561983471,0.0
Speer,80.0,6002,1485,1031,921,1194,305,534,96,135,104,78,100,16,3,4.0,3.5,3.0,2,3.5,3.20000005,11982,500.9180437322651,123.93590385578368,86.04573526957101,76.86529794692038,99.64947421131698,25.454848940076783,44.566850275413124,8.01201802704056,11.26690035052579,8.679686195960608,6.5097646469704555,8.345852111500584,1.3353363378400935,0.2503755633450175
Sun Valley,104.0,2221,199,249,364,277,408,152,164,175,144,63,15,7,4,1.0,1.0,3.5,2,3.0,2.0999999,1133,1960.2824360105913,175.639894086496,219.77052074139453,321.2709620476611,244.4836716681377,360.10591350397175,134.15710503089142,144.74845542806707,154.45719329214475,127.09620476610766,55.60458958517211,13.23918799646955,6.17828773168579,3.53045013239188
Sunnyside,633.0,3874,758,678,653,478,344,398,107,108,153,102,84,10,1,2.0,3.0,2.5,2,2.5,2.4000001,10441,371.0372569677234,72.59841011397376,64.93630878268365,62.541902116655486,45.78105545445839,32.947035724547455,38.11895412316828,10.248060530600517,10.343836797241643,14.65376879609233,9.769179197394886,8.045206397854612,0.9577626664112633,0.09577626664112633
Union Station,7.0,11035,1212,674,1508,2200,1923,571,1163,809,559,248,139,21,8,3.5,3.5,4.0,5,5.0,4.19999981,8628,1278.975428836347,140.4728789986092,78.11775614279091,174.77978674084378,254.98377375985166,222.87899860917943,66.17987946221604,134.79369494668524,93.76448771441817,64.78905887807139,28.743625405656005,16.110338433008806,2.433936022253129,0.9272137227630969
University,235.0,2457,590,414,393,498,106,225,30,58,37,44,57,3,2,4.0,3.0,4.5,4,2.5,3.5999999,9922,247.6315259020359,59.46381777867366,41.72545857689982,39.60894980850635,50.191493650473696,10.683329973795605,22.676879661358598,3.023583954847813,5.845595646039105,3.729086877645636,4.434589800443459,5.744809514210845,0.3023583954847813,0.20157226365652087
University Hills,354.0,3099,569,350,446,826,164,268,206,75,57,59,76,3,0,4.0,4.5,2.5,3,3.5,3.5,6660,465.31531531531533,85.43543543543544,52.552552552552555,66.96696696696696,124.02402402402403,24.624624624624623,40.24024024024024,30.93093093093093,11.26126126126126,8.558558558558557,8.858858858858857,11.411411411411411,0.45045045045045046,0.0
University Park,267.0,2860,793,471,418,495,97,269,110,44,46,38,74,3,2,3.5,3.5,3.0,4,4.5,3.70000005,7676,372.5898905680042,103.30901511203753,61.36008337675873,54.45544554455446,64.48671182907765,12.636789994788954,35.04429390307452,14.3303804064617,5.732152162584679,5.992704533611255,4.9504950495049505,9.640437727983324,0.3908285565398645,0.2605523710265763
Valverde,34.0,2465,340,363,355,240,364,277,208,81,121,59,39,13,5,1.5,1.0,2.0,1,2.5,1.60000002,4293,574.1905427440018,79.19869555089682,84.55625436757512,82.6927556487305,55.90496156533892,84.7891917074307,64.52364313999534,48.4509666899604,18.867924528301884,28.185418122525043,13.743303051479153,9.084556254367575,3.028185418122525,1.1646866992778944
Villa Park,453.0,4174,565,692,497,362,865,394,287,127,227,103,34,14,7,1.0,1.0,1.5,2,2.5,1.60000002,8859,471.15927305564963,63.77694999435603,78.11265379839712,56.10114008353087,40.86239981939271,97.6408172479964,44.474545659781015,32.39643300598262,14.335703804041088,25.623659555254545,11.626594423749859,3.837904955412575,1.5803138051698837,0.7901569025849419
Virginia Village,392.0,4633,962,974,647,808,262,431,120,145,99,54,123,5,3,3.0,3.5,2.0,2,2.0,2.5,14885,311.2529392005374,64.62882096069869,65.43500167954316,43.46657709103124,54.282835068861274,17.601612361437688,28.955324151830702,8.061807188444742,9.741350352704066,6.650990930466913,3.627813234800134,8.26335236815586,0.3359086328518643,0.20154517971111857
Washington Park,523.0,1763,543,245,230,272,71,242,24,33,25,15,62,1,0,5.0,5.0,3.5,5,2.5,4.19999981,7302,241.4407011777595,74.36318816762531,33.55245138318269,31.498219665844978,37.25006847439058,9.723363462065187,33.141605039715145,3.286770747740345,4.519309778142975,3.423719528896193,2.054231717337716,8.490824431662558,0.13694878115584772,0.0
Washington Park West,220.0,2867,835,462,438,481,92,364,56,47,42,12,35,1,2,5.0,5.0,4.0,4,3.0,4.19999981,7382,388.3771335681387,113.11297751286914,62.58466540232999,59.333513952858304,65.15849363316174,12.462747222974803,49.30913031698727,7.586020048767272,6.366838255215389,5.689515036575454,1.625575724735844,4.7412625304795455,0.135464643727987,0.270929287455974
Washington Virginia Vale,538.0,5321,930,1216,835,666,364,476,129,208,227,118,134,14,4,2.5,3.0,3.0,4,3.5,3.20000005,14775,360.13536379018615,62.944162436548226,82.30118443316412,56.51438240270728,45.0761421319797,24.63620981387479,32.2165820642978,8.730964467005077,14.077834179357021,15.363790186125211,7.986463620981387,9.069373942470389,0.9475465313028765,0.2707275803722504
Wellshire,245.0,324,105,52,45,39,15,27,4,8,5,6,18,0,0,5.0,5.0,3.0,5,2.5,4.0999999,3325,97.44360902255639,31.578947368421055,15.639097744360903,13.533834586466165,11.729323308270676,4.511278195488722,8.1203007518797,1.2030075187969924,2.406015037593985,1.5037593984962407,1.8045112781954888,5.413533834586466,0.0,0.0
West Colfax,499.0,7889,1222,1230,1282,1140,1055,608,404,320,356,160,68,31,13,1.5,2.0,1.5,1,3.0,1.79999995,10386,759.5802041209321,117.65838628923551,118.42865395725015,123.43539379934528,109.7631426920855,101.57904871943,58.54034276911227,38.89851723473907,30.810706720585404,34.27691122665126,15.405353360292702,6.547275178124398,2.984787213556711,1.2516849605237819
West Highland,263.0,3384,954,548,455,663,111,401,28,63,51,51,52,5,2,4.0,4.5,3.5,4,3.0,3.79999995,9707,348.61440197795406,98.2795920469764,56.45410528484599,46.873390336870294,68.30122591943957,11.435046873390336,41.31039456062635,2.8845163284227877,6.490161738951272,5.253940455341506,5.253940455341506,5.35695889564232,0.5150922015040693,0.2060368806016277
Westwood,687.0,6194,758,895,900,332,1661,348,352,271,431,145,64,30,7,1.0,1.5,3.0,2,2.5,2.0,17771,348.545382927241,42.653761746665914,50.3629508750211,50.64430814247932,18.682122559225707,93.46688424962016,19.582465815092004,19.80755162905858,15.24956389623544,24.25299645489843,8.159360756288335,3.601373023465196,1.6881436047493108,0.3939001744415058
Whittier,67.0,2133,356,360,384,206,365,152,33,116,107,27,20,2,5,3.0,2.5,4.0,2,3.0,2.9000001,4793,445.0239933235969,74.27498435218025,75.10953473815982,80.11683705403713,42.97934487794701,76.15272272063426,31.712914667223036,6.885040684331317,24.20196119340705,22.324222824953054,5.633215105361986,4.1727519298977676,0.4172751929897768,1.0431879824744419
Windsor,0.0,4025,727,1133,660,408,194,342,27,112,149,81,179,8,5,2.0,2.5,2.0,4,1.0,2.29999995,14480,277.9696132596685,50.20718232044199,78.24585635359117,45.58011049723757,28.1767955801105,13.39779005524862,23.61878453038674,1.8646408839779005,7.734806629834255,10.290055248618785,5.593922651933702,12.361878453038674,0.5524861878453039,0.3453038674033149
